https://petstore.octoperf.com/actions/Catalog.action?viewCategory=&categoryId=FISH,1000,2600,1125,1195,2020,129209,1026,131170,1.100%,7.59896,34.14,3.97
https://petstore.octoperf.com/actions/Catalog.action?viewProduct=&productId=FI-SW-01,1000,283,259,271,298,1235,248,2508,0.000%,7.59855,30.51,4.42
https://petstore.octoperf.com/actions/Cart.action?addItemToCart=&workingItemId=EST-1,1000,264,259,281,292,335,246,619,0.000%,7.59382,34.59,4.42
https://petstore.octoperf.com/actions/Order.action?newOrderForm=,2000,259,258,264,274,290,247,355,0.000%,12.65727,61.00,7.12
https://petstore.octoperf.com/actions/Account.action,1000,513,513,523,527,580,491,595,0.000%,7.57404,40.18,10.97
https://petstore.octoperf.com/actions/Cart.action?viewCart=,1000,260,259,266,273,292,247,397,0.000%,7.58639,36.04,4.23
https://petstore.octoperf.com/actions/Order.action,1000,257,257,266,271,281,246,289,0.000%,7.58449,35.73,9.13
https://petstore.octoperf.com/actions/Order.action?newOrder=&confirmed=true,1000,422,509,591,622,666,246,675,55.200%,7.56905,81.16,4.34
https://petstore.octoperf.com/actions/Account.action?signoff=,1000,67065,3667,129986,943285,992157,584,1041304,13.200%,.95939,4.67,0.92
Test,1000,72187,7296,133788,947050,996110,4796,1045166,59.200%,.90379,47.95,6.83
TOTAL,11000,13124,266,5201,7651,135479,246,1045166,11.700%,9.94172,95.90,13.66
